{
    "episode_index": {
        "min": [
            0
        ],
        "max": [
            1
        ],
        "mean": [
            0.26677577741407527
        ],
        "std": [
            0.4422741932321973
        ],
        "count": [
            611
        ],
        "q01": [
            0.2667757774140757
        ],
        "q10": [
            0.26677577741407926
        ],
        "q50": [
            0.2667757774140953
        ],
        "q90": [
            0.26677577741411124
        ],
        "q99": [
            0.26677577741411485
        ]
    },
    "index": {
        "min": [
            0
        ],
        "max": [
            610
        ],
        "mean": [
            305.0
        ],
        "std": [
            176.38027100557477
        ],
        "count": [
            611
        ],
        "q01": [
            122.695974684026
        ],
        "q10": [
            156.08256517176915
        ],
        "q50": [
            304.67657054009806
        ],
        "q90": [
            453.9174348282308
        ],
        "q99": [
            487.304025315974
        ]
    },
    "frame_index": {
        "min": [
            0
        ],
        "max": [
            447
        ],
        "mean": [
            185.48445171849428
        ],
        "std": [
            129.7152023433301
        ],
        "count": [
            611
        ],
        "q01": [
            3.180426402520289
        ],
        "q10": [
            36.56701689026341
        ],
        "q50": [
            185.1610222585923
        ],
        "q90": [
            334.4018865467251
        ],
        "q99": [
            367.7884770344682
        ]
    },
    "timestamp": {
        "min": [
            0.0
        ],
        "max": [
            14.9
        ],
        "mean": [
            6.182815057283142
        ],
        "std": [
            4.323840078111004
        ],
        "count": [
            611
        ],
        "q01": [
            0.10601421332225332
        ],
        "q10": [
            1.218900562931174
        ],
        "q50": [
            6.172034075286275
        ],
        "q90": [
            11.146729551635111
        ],
        "q99": [
            12.259615901244032
        ]
    },
    "task_index": {
        "min": [
            0
        ],
        "max": [
            0
        ],
        "mean": [
            0.0
        ],
        "std": [
            0.0
        ],
        "count": [
            611
        ],
        "q01": [
            3.9999999999994176e-16
        ],
        "q10": [
            3.999999999999417e-15
        ],
        "q50": [
            1.9999999999997088e-14
        ],
        "q90": [
            3.5999999999994766e-14
        ],
        "q99": [
            3.9599999999994235e-14
        ]
    },
    "observation.images.wrist": {
        "min": [
            [
                [
                    0.011764705882352941
                ]
            ],
            [
                [
                    0.03137254901960784
                ]
            ],
            [
                [
                    0.00784313725490196
                ]
            ]
        ],
        "max": [
            [
                [
                    1.0
                ]
            ],
            [
                [
                    1.0
                ]
            ],
            [
                [
                    1.0
                ]
            ]
        ],
        "mean": [
            [
                [
                    0.47186077205882354
                ]
            ],
            [
                [
                    0.47678641135620914
                ]
            ],
            [
                [
                    0.4497064777369281
                ]
            ]
        ],
        "std": [
            [
                [
                    0.0031732536764705888
                ]
            ],
            [
                [
                    0.0003848080065359527
                ]
            ],
            [
                [
                    0.0018736223447712586
                ]
            ]
        ],
        "count": [
            200
        ],
        "q01": [
            [
                [
                    0.04896893592900575
                ]
            ],
            [
                [
                    0.058750986235866165
                ]
            ],
            [
                [
                    0.04125730004727524
                ]
            ]
        ],
        "q10": [
            [
                [
                    0.12162792156804507
                ]
            ],
            [
                [
                    0.13142753526334502
                ]
            ],
            [
                [
                    0.10788004865427851
                ]
            ]
        ],
        "q50": [
            [
                [
                    0.3589437181825123
                ]
            ],
            [
                [
                    0.33327568044071154
                ]
            ],
            [
                [
                    0.2920838185450046
                ]
            ]
        ],
        "q90": [
            [
                [
                    0.8548847041250347
                ]
            ],
            [
                [
                    0.8940769742876955
                ]
            ],
            [
                [
                    0.8725580134639265
                ]
            ]
        ],
        "q99": [
            [
                [
                    0.9960212819169647
                ]
            ],
            [
                [
                    0.984460216686663
                ]
            ],
            [
                [
                    0.968508647225641
                ]
            ]
        ]
    },
    "observation.state": {
        "min": [
            0.0,
            0.0,
            0.0,
            0.0,
            0.0,
            0.0
        ],
        "max": [
            0.0,
            0.0,
            0.0,
            0.0,
            0.0,
            0.0
        ],
        "mean": [
            0.0,
            0.0,
            0.0,
            0.0,
            0.0,
            0.0
        ],
        "std": [
            0.0,
            0.0,
            0.0,
            0.0,
            0.0,
            0.0
        ],
        "count": [
            611
        ],
        "q01": [
            3.9995784462121265e-16,
            3.9995784462121265e-16,
            3.9995784462121265e-16,
            3.9995784462121265e-16,
            3.9995784462121265e-16,
            3.9995784462121265e-16
        ],
        "q10": [
            3.999578446212126e-15,
            3.999578446212126e-15,
            3.999578446212126e-15,
            3.999578446212126e-15,
            3.999578446212126e-15,
            3.999578446212126e-15
        ],
        "q50": [
            1.9997892231060632e-14,
            1.9997892231060632e-14,
            1.9997892231060632e-14,
            1.9997892231060632e-14,
            1.9997892231060632e-14,
            1.9997892231060632e-14
        ],
        "q90": [
            3.5996206015909147e-14,
            3.5996206015909147e-14,
            3.5996206015909147e-14,
            3.5996206015909147e-14,
            3.5996206015909147e-14,
            3.5996206015909147e-14
        ],
        "q99": [
            3.959582661750005e-14,
            3.959582661750005e-14,
            3.959582661750005e-14,
            3.959582661750005e-14,
            3.959582661750005e-14,
            3.959582661750005e-14
        ]
    },